{
  "accuracy_samples": 544,
  "backend": "tensorrt",
  "batch_size": 1,
  "checkpoint": "outputs/controlled_ablation_augment_off/checkpoints/best.pt",
  "config": "configs/ablations/controlled_ablation_augment_off.yaml",
  "cuda_allocated_after_load_mib": 4.6875,
  "cuda_peak_allocated_mib": 13.59375,
  "device": "NVIDIA GeForce RTX 5060",
  "engine_build_time_s": 21.5,
  "engine_path": "reports/.trt_scratch/pidnet-s_fp16.engine",
  "forward": {
    "fps_from_mean_latency": 1037.9723198919773,
    "mean_ms": 0.9634168280172162,
    "p50_ms": 0.880012521520257,
    "p95_ms": 1.4141778578050437,
    "p99_ms": 1.8325593415647745,
    "samples": 320
  },
  "fp16_test_metrics": {
    "confusion_count_definition": "For traversable as positive: TP=gt1/pred1, FP=gt0/pred1, TN=gt0/pred0, FN=gt1/pred0; FBR=FN/(FN+TP).",
    "confusion_counts_traversable": {
      "fn": 4045047,
      "fp": 3296396,
      "tn": 73155734,
      "tp": 53196263
    },
    "confusion_matrix": [
      [
        73155734,
        3296396
      ],
      [
        4045047,
        53196263
      ]
    ],
    "f1_traversable": 0.9354507447111073,
    "false_block_rate": 0.07066656930108693,
    "false_safe_rate": 0.04311712440189698,
    "fbr_traversable": 0.07066656930108693,
    "iou_traversable": 0.8787294153498317,
    "iou_untraversable": 0.9087987520357391,
    "mIoU": 0.8937640836927854,
    "precision_traversable": 0.9416491264820798,
    "recall_traversable": 0.929333430698913
  },
  "input_dir": "data_processed_blue_green/test/images",
  "input_size": [
    640,
    384
  ],
  "internal_encoder_size": null,
  "model_name": "pidnet-s",
  "parameter_memory_mib": 29.174530029296875,
  "pipeline": {
    "fps_from_mean_latency": 106.43250455588225,
    "mean_ms": 9.395625933757401,
    "p50_ms": 9.178187465295196,
    "p95_ms": 10.943362902617082,
    "p99_ms": 12.627503669355066,
    "samples": 320
  },
  "precision": "fp16",
  "python": "3.12.12",
  "repeats": 5,
  "tensorrt_version": "10.16.1.11",
  "timing_scope": {
    "forward": "TRT infer (device\u2192device) + softmax/threshold; excludes H2D and mask D2H",
    "pipeline": "CPU resize/normalise, H2D, TRT infer, softmax/threshold, mask D2H; excludes disk/camera/planner"
  },
  "torch": "2.10.0+cu128",
  "unique_frames": 64,
  "warmup": 10
}
