{
  "accuracy_samples": 544,
  "backend": "tensorrt",
  "batch_size": 1,
  "checkpoint": "outputs/controlled_ablation_augment_off/checkpoints/best.pt",
  "config": "configs/ablations/controlled_ablation_augment_off.yaml",
  "cuda_allocated_after_load_mib": 4.6875,
  "cuda_peak_allocated_mib": 15.234375,
  "device": "NVIDIA GeForce RTX 5060",
  "engine_build_time_s": 19.0,
  "engine_path": "reports/.trt_scratch/pidnet-s_fp32.engine",
  "forward": {
    "fps_from_mean_latency": 578.1226920626615,
    "mean_ms": 1.7297366350248922,
    "p50_ms": 1.6850155079737306,
    "p95_ms": 2.0249740045983344,
    "p99_ms": 2.259154370985925,
    "samples": 320
  },
  "fp16_test_metrics": {
    "confusion_count_definition": "For traversable as positive: TP=gt1/pred1, FP=gt0/pred1, TN=gt0/pred0, FN=gt1/pred0; FBR=FN/(FN+TP).",
    "confusion_counts_traversable": {
      "fn": 4029804,
      "fp": 3299625,
      "tn": 73152505,
      "tp": 53211506
    },
    "confusion_matrix": [
      [
        73152505,
        3299625
      ],
      [
        4029804,
        53211506
      ]
    ],
    "f1_traversable": 0.935566842033746,
    "false_block_rate": 0.070400275605153,
    "false_safe_rate": 0.04315935998120654,
    "fbr_traversable": 0.070400275605153,
    "iou_traversable": 0.8789343276578071,
    "iou_untraversable": 0.9089307545715788,
    "mIoU": 0.893932541114693,
    "precision_traversable": 0.9416110606598902,
    "recall_traversable": 0.9295997243948471
  },
  "input_dir": "data_processed_blue_green/test/images",
  "input_size": [
    640,
    384
  ],
  "internal_encoder_size": null,
  "model_name": "pidnet-s",
  "parameter_memory_mib": 29.174530029296875,
  "pipeline": {
    "fps_from_mean_latency": 119.68256341198298,
    "mean_ms": 8.355436009151163,
    "p50_ms": 8.213580003939569,
    "p95_ms": 9.829814155818895,
    "p99_ms": 10.47342317760922,
    "samples": 320
  },
  "precision": "fp32",
  "python": "3.12.12",
  "repeats": 5,
  "tensorrt_version": "10.16.1.11",
  "timing_scope": {
    "forward": "TRT infer (device\u2192device) + softmax/threshold; excludes H2D and mask D2H",
    "pipeline": "CPU resize/normalise, H2D, TRT infer, softmax/threshold, mask D2H; excludes disk/camera/planner"
  },
  "torch": "2.10.0+cu128",
  "unique_frames": 64,
  "warmup": 10
}
