{
  "accuracy_samples": 544,
  "backend": "tensorrt",
  "batch_size": 1,
  "checkpoint": "rod_suite_results/outputs/mixed_binary_traversability_rod_vits_paper/checkpoints/best.pt",
  "config": "rod_suite_results/configs/rod_vits_cat_paper.yaml",
  "cuda_allocated_after_load_mib": 4.6875,
  "cuda_peak_allocated_mib": 13.59375,
  "device": "NVIDIA GeForce RTX 5060",
  "engine_build_time_s": 41.8,
  "engine_path": "reports/.trt_scratch/rod-vits_fp16.engine",
  "forward": {
    "fps_from_mean_latency": 57.466633097835945,
    "mean_ms": 17.40140227630036,
    "p50_ms": 17.39735301816836,
    "p95_ms": 17.668755463091657,
    "p99_ms": 17.799586927285418,
    "samples": 320
  },
  "fp16_test_metrics": {
    "confusion_count_definition": "For traversable as positive: TP=gt1/pred1, FP=gt0/pred1, TN=gt0/pred0, FN=gt1/pred0; FBR=FN/(FN+TP).",
    "confusion_counts_traversable": {
      "fn": 2265250,
      "fp": 2944021,
      "tn": 73508109,
      "tp": 54976060
    },
    "confusion_matrix": [
      [
        73508109,
        2944021
      ],
      [
        2265250,
        54976060
      ]
    ],
    "f1_traversable": 0.9547654734389237,
    "false_block_rate": 0.03957369249585658,
    "false_safe_rate": 0.03850803110390776,
    "fbr_traversable": 0.03957369249585658,
    "iou_traversable": 0.9134461684691906,
    "iou_untraversable": 0.9338231150477824,
    "mIoU": 0.9236346417584864,
    "precision_traversable": 0.949170979232574,
    "recall_traversable": 0.9604263075041434
  },
  "input_dir": "data_processed_blue_green/test/images",
  "input_size": [
    640,
    384
  ],
  "internal_encoder_size": 1024,
  "model_name": "rod-vits",
  "parameter_memory_mib": 111.07698059082031,
  "pipeline": {
    "fps_from_mean_latency": 39.38266496724548,
    "mean_ms": 25.391882464828086,
    "p50_ms": 25.255229498725384,
    "p95_ms": 26.57978713978082,
    "p99_ms": 27.533904903102666,
    "samples": 320
  },
  "precision": "fp16",
  "python": "3.12.12",
  "repeats": 5,
  "tensorrt_version": "10.16.1.11",
  "timing_scope": {
    "forward": "TRT infer (device\u2192device) + softmax/threshold; excludes H2D and mask D2H",
    "pipeline": "CPU resize/normalise, H2D, TRT infer, softmax/threshold, mask D2H; excludes disk/camera/planner"
  },
  "torch": "2.10.0+cu128",
  "unique_frames": 64,
  "warmup": 10
}
